TableName,GDP Per Capita 2017,Female to Male Labor Participation Ratio 2017,Bloomberg Chart,D3 Chart,GFC,GFC2,Continent
Afghanistan,519.884773,28.0631557,"[519.884773,28.0631557],","{'gdp':519.884773,'female_ratio':28.0631557},","{'gdp':519.884773,'female_ratio':28.0631557, 'country':Afghanistan},","{""gdp"":519.884773,""female_ratio"":28.0631557, ""country"":'Afghanistan'},",Asia
Angola,4095.81294,96.2805555,"[4095.81294,96.2805555],","{'gdp':4095.81294,'female_ratio':96.2805555},","{'gdp':4095.81294,'female_ratio':96.2805555, 'country':Angola},","{""gdp"":4095.81294,""female_ratio"":96.2805555, ""country"":'Angola'},",Africa
Albania,4531.02081,72.1710705,"[4531.02081,72.1710705],","{'gdp':4531.02081,'female_ratio':72.1710705},","{'gdp':4531.02081,'female_ratio':72.1710705, 'country':Albania},","{""gdp"":4531.02081,""female_ratio"":72.1710705, ""country"":'Albania'},",Europe
United Arab Emirates,40644.804,56.2098089,"[40644.804,56.2098089],","{'gdp':40644.804,'female_ratio':56.2098089},","{'gdp':40644.804,'female_ratio':56.2098089, 'country':United Arab Emirates},","{""gdp"":40644.804,""female_ratio"":56.2098089, ""country"":'United Arab Emirates'},",Asia
Argentina,14613.0418,67.8793343,"[14613.0418,67.8793343],","{'gdp':14613.0418,'female_ratio':67.8793343},","{'gdp':14613.0418,'female_ratio':67.8793343, 'country':Argentina},","{""gdp"":14613.0418,""female_ratio"":67.8793343, ""country"":'Argentina'},",South America
Armenia,3914.50127,71.5745416,"[3914.50127,71.5745416],","{'gdp':3914.50127,'female_ratio':71.5745416},","{'gdp':3914.50127,'female_ratio':71.5745416, 'country':Armenia},","{""gdp"":3914.50127,""female_ratio"":71.5745416, ""country"":'Armenia'},",Asia
Australia,54027.9668,84.4453544,"[54027.9668,84.4453544],","{'gdp':54027.9668,'female_ratio':84.4453544},","{'gdp':54027.9668,'female_ratio':84.4453544, 'country':Australia},","{""gdp"":54027.9668,""female_ratio"":84.4453544, ""country"":'Australia'},",Europe
Austria,47426.512,82.9182601,"[47426.512,82.9182601],","{'gdp':47426.512,'female_ratio':82.9182601},","{'gdp':47426.512,'female_ratio':82.9182601, 'country':Austria},","{""gdp"":47426.512,""female_ratio"":82.9182601, ""country"":'Austria'},",Europe
Azerbaijan,4147.08972,90.3534323,"[4147.08972,90.3534323],","{'gdp':4147.08972,'female_ratio':90.3534323},","{'gdp':4147.08972,'female_ratio':90.3534323, 'country':Azerbaijan},","{""gdp"":4147.08972,""female_ratio"":90.3534323, ""country"":'Azerbaijan'},",Asia
Burundi,292.997631,103.470246,"[292.997631,103.470246],","{'gdp':292.997631,'female_ratio':103.470246},","{'gdp':292.997631,'female_ratio':103.470246, 'country':Burundi},","{""gdp"":292.997631,""female_ratio"":103.470246, ""country"":'Burundi'},",Africa
Belgium,44192.623,81.02319,"[44192.623,81.02319],","{'gdp':44192.623,'female_ratio':81.02319},","{'gdp':44192.623,'female_ratio':81.02319, 'country':Belgium},","{""gdp"":44192.623,""female_ratio"":81.02319, ""country"":'Belgium'},",Europe
Benin,1136.59285,93.7469244,"[1136.59285,93.7469244],","{'gdp':1136.59285,'female_ratio':93.7469244},","{'gdp':1136.59285,'female_ratio':93.7469244, 'country':Benin},","{""gdp"":1136.59285,""female_ratio"":93.7469244, ""country"":'Benin'},",Africa
Burkina Faso,734.99443,77.7221855,"[734.99443,77.7221855],","{'gdp':734.99443,'female_ratio':77.7221855},","{'gdp':734.99443,'female_ratio':77.7221855, 'country':Burkina Faso},","{""gdp"":734.99443,""female_ratio"":77.7221855, ""country"":'Burkina Faso'},",Africa
Bangladesh,1563.9137,44.0389055,"[1563.9137,44.0389055],","{'gdp':1563.9137,'female_ratio':44.0389055},","{'gdp':1563.9137,'female_ratio':44.0389055, 'country':Bangladesh},","{""gdp"":1563.9137,""female_ratio"":44.0389055, ""country"":'Bangladesh'},",Asia
Bulgaria,8334.08173,80.3235145,"[8334.08173,80.3235145],","{'gdp':8334.08173,'female_ratio':80.3235145},","{'gdp':8334.08173,'female_ratio':80.3235145, 'country':Bulgaria},","{""gdp"":8334.08173,""female_ratio"":80.3235145, ""country"":'Bulgaria'},",Europe
Bahrain,23742.985,50.8675223,"[23742.985,50.8675223],","{'gdp':23742.985,'female_ratio':50.8675223},","{'gdp':23742.985,'female_ratio':50.8675223, 'country':Bahrain},","{""gdp"":23742.985,""female_ratio"":50.8675223, ""country"":'Bahrain'},",Asia
"Bahamas, The",32718.6381,83.4177792,"[32718.6381,83.4177792],","{'gdp':32718.6381,'female_ratio':83.4177792},","{'gdp':32718.6381,'female_ratio':83.4177792, 'country':Bahamas, The},","{""gdp"":32718.6381,""female_ratio"":83.4177792, ""country"":'Bahamas, The'},",North America
Bosnia and Herzegovina,5394.59122,62.1283398,"[5394.59122,62.1283398],","{'gdp':5394.59122,'female_ratio':62.1283398},","{'gdp':5394.59122,'female_ratio':62.1283398, 'country':Bosnia and Herzegovina},","{""gdp"":5394.59122,""female_ratio"":62.1283398, ""country"":'Bosnia and Herzegovina'},",Europe
Belarus,5761.74712,82.0052956,"[5761.74712,82.0052956],","{'gdp':5761.74712,'female_ratio':82.0052956},","{'gdp':5761.74712,'female_ratio':82.0052956, 'country':Belarus},","{""gdp"":5761.74712,""female_ratio"":82.0052956, ""country"":'Belarus'},",Europe
Belize,4887.57721,61.2567138,"[4887.57721,61.2567138],","{'gdp':4887.57721,'female_ratio':61.2567138},","{'gdp':4887.57721,'female_ratio':61.2567138, 'country':Belize},","{""gdp"":4887.57721,""female_ratio"":61.2567138, ""country"":'Belize'},",North America
Bolivia,3351.12404,74.6865483,"[3351.12404,74.6865483],","{'gdp':3351.12404,'female_ratio':74.6865483},","{'gdp':3351.12404,'female_ratio':74.6865483, 'country':Bolivia},","{""gdp"":3351.12404,""female_ratio"":74.6865483, ""country"":'Bolivia'},",South America
Brazil,9925.38624,72.6548038,"[9925.38624,72.6548038],","{'gdp':9925.38624,'female_ratio':72.6548038},","{'gdp':9925.38624,'female_ratio':72.6548038, 'country':Brazil},","{""gdp"":9925.38624,""female_ratio"":72.6548038, ""country"":'Brazil'},",South America
Barbados,17391.4259,89.1785811,"[17391.4259,89.1785811],","{'gdp':17391.4259,'female_ratio':89.1785811},","{'gdp':17391.4259,'female_ratio':89.1785811, 'country':Barbados},","{""gdp"":17391.4259,""female_ratio"":89.1785811, ""country"":'Barbados'},",North America
Brunei Darussalam,28572.1468,80.9828649,"[28572.1468,80.9828649],","{'gdp':28572.1468,'female_ratio':80.9828649},","{'gdp':28572.1468,'female_ratio':80.9828649, 'country':Brunei Darussalam},","{""gdp"":28572.1468,""female_ratio"":80.9828649, ""country"":'Brunei Darussalam'},",Asia
Bhutan,3286.5747,80.4044493,"[3286.5747,80.4044493],","{'gdp':3286.5747,'female_ratio':80.4044493},","{'gdp':3286.5747,'female_ratio':80.4044493, 'country':Bhutan},","{""gdp"":3286.5747,""female_ratio"":80.4044493, ""country"":'Bhutan'},",Africa
Botswana,7893.23253,84.3991737,"[7893.23253,84.3991737],","{'gdp':7893.23253,'female_ratio':84.3991737},","{'gdp':7893.23253,'female_ratio':84.3991737, 'country':Botswana},","{""gdp"":7893.23253,""female_ratio"":84.3991737, ""country"":'Botswana'},",Africa
Central African Republic,450.900245,80.4099546,"[450.900245,80.4099546],","{'gdp':450.900245,'female_ratio':80.4099546},","{'gdp':450.900245,'female_ratio':80.4099546, 'country':Central African Republic},","{""gdp"":450.900245,""female_ratio"":80.4099546, ""country"":'Central African Republic'},",Africa
Canada,45148.5527,87.1694732,"[45148.5527,87.1694732],","{'gdp':45148.5527,'female_ratio':87.1694732},","{'gdp':45148.5527,'female_ratio':87.1694732, 'country':Canada},","{""gdp"":45148.5527,""female_ratio"":87.1694732, ""country"":'Canada'},",North America
Switzerland,80449.9945,84.2496196,"[80449.9945,84.2496196],","{'gdp':80449.9945,'female_ratio':84.2496196},","{'gdp':80449.9945,'female_ratio':84.2496196, 'country':Switzerland},","{""gdp"":80449.9945,""female_ratio"":84.2496196, ""country"":'Switzerland'},",Europe
Chile,14999.3701,68.7793154,"[14999.3701,68.7793154],","{'gdp':14999.3701,'female_ratio':68.7793154},","{'gdp':14999.3701,'female_ratio':68.7793154, 'country':Chile},","{""gdp"":14999.3701,""female_ratio"":68.7793154, ""country"":'Chile'},",South America
China,8879.43867,80.9200996,"[8879.43867,80.9200996],","{'gdp':8879.43867,'female_ratio':80.9200996},","{'gdp':8879.43867,'female_ratio':80.9200996, 'country':China},","{""gdp"":8879.43867,""female_ratio"":80.9200996, ""country"":'China'},",Asia
Côte d'Ivoire,2111.02708,72.6852364,"[2111.02708,72.6852364],","{'gdp':2111.02708,'female_ratio':72.6852364},","{'gdp':2111.02708,'female_ratio':72.6852364, 'country':Côte d'Ivoire},","{""gdp"":2111.02708,""female_ratio"":72.6852364, ""country"":'Côte d'Ivoire'},",Africa
Cameroon,1425.10782,87.5376395,"[1425.10782,87.5376395],","{'gdp':1425.10782,'female_ratio':87.5376395},","{'gdp':1425.10782,'female_ratio':87.5376395, 'country':Cameroon},","{""gdp"":1425.10782,""female_ratio"":87.5376395, ""country"":'Cameroon'},",Africa
"Congo, Dem. Rep.",467.074237,91.5502678,"[467.074237,91.5502678],","{'gdp':467.074237,'female_ratio':91.5502678},","{'gdp':467.074237,'female_ratio':91.5502678, 'country':Congo, Dem. Rep.},","{""gdp"":467.074237,""female_ratio"":91.5502678, ""country"":'Congo, Dem. Rep.'},",Africa
"Congo, Rep.",2191.22044,94.2158552,"[2191.22044,94.2158552],","{'gdp':2191.22044,'female_ratio':94.2158552},","{'gdp':2191.22044,'female_ratio':94.2158552, 'country':Congo, Rep.},","{""gdp"":2191.22044,""female_ratio"":94.2158552, ""country"":'Congo, Rep.'},",Africa
Colombia,6376.70672,71.2932859,"[6376.70672,71.2932859],","{'gdp':6376.70672,'female_ratio':71.2932859},","{'gdp':6376.70672,'female_ratio':71.2932859, 'country':Colombia},","{""gdp"":6376.70672,""female_ratio"":71.2932859, ""country"":'Colombia'},",South America
Comoros,1323.81159,72.4494482,"[1323.81159,72.4494482],","{'gdp':1323.81159,'female_ratio':72.4494482},","{'gdp':1323.81159,'female_ratio':72.4494482, 'country':Comoros},","{""gdp"":1323.81159,""female_ratio"":72.4494482, ""country"":'Comoros'},",Africa
Cabo Verde,3292.64575,77.829049,"[3292.64575,77.829049],","{'gdp':3292.64575,'female_ratio':77.829049},","{'gdp':3292.64575,'female_ratio':77.829049, 'country':Cabo Verde},","{""gdp"":3292.64575,""female_ratio"":77.829049, ""country"":'Cabo Verde'},",Africa
Costa Rica,11814.6266,60.7513747,"[11814.6266,60.7513747],","{'gdp':11814.6266,'female_ratio':60.7513747},","{'gdp':11814.6266,'female_ratio':60.7513747, 'country':Costa Rica},","{""gdp"":11814.6266,""female_ratio"":60.7513747, ""country"":'Costa Rica'},",North America
Cuba,8541.21067,61.3507602,"[8541.21067,61.3507602],","{'gdp':8541.21067,'female_ratio':61.3507602},","{'gdp':8541.21067,'female_ratio':61.3507602, 'country':Cuba},","{""gdp"":8541.21067,""female_ratio"":61.3507602, ""country"":'Cuba'},",North America
Cyprus,26338.6943,84.9916083,"[26338.6943,84.9916083],","{'gdp':26338.6943,'female_ratio':84.9916083},","{'gdp':26338.6943,'female_ratio':84.9916083, 'country':Cyprus},","{""gdp"":26338.6943,""female_ratio"":84.9916083, ""country"":'Cyprus'},",Asia
Czech Republic,20636.2,76.4212259,"[20636.2,76.4212259],","{'gdp':20636.2,'female_ratio':76.4212259},","{'gdp':20636.2,'female_ratio':76.4212259, 'country':Czech Republic},","{""gdp"":20636.2,""female_ratio"":76.4212259, ""country"":'Czech Republic'},",Europe
Germany,44552.8194,82.9722013,"[44552.8194,82.9722013],","{'gdp':44552.8194,'female_ratio':82.9722013},","{'gdp':44552.8194,'female_ratio':82.9722013, 'country':Germany},","{""gdp"":44552.8194,""female_ratio"":82.9722013, ""country"":'Germany'},",Europe
Djibouti,2914.38386,73.1125378,"[2914.38386,73.1125378],","{'gdp':2914.38386,'female_ratio':73.1125378},","{'gdp':2914.38386,'female_ratio':73.1125378, 'country':Djibouti},","{""gdp"":2914.38386,""female_ratio"":73.1125378, ""country"":'Djibouti'},",Africa
Denmark,57610.0982,87.9759564,"[57610.0982,87.9759564],","{'gdp':57610.0982,'female_ratio':87.9759564},","{'gdp':57610.0982,'female_ratio':87.9759564, 'country':Denmark},","{""gdp"":57610.0982,""female_ratio"":87.9759564, ""country"":'Denmark'},",Europe
Dominican Republic,7609.3388,65.0299885,"[7609.3388,65.0299885],","{'gdp':7609.3388,'female_ratio':65.0299885},","{'gdp':7609.3388,'female_ratio':65.0299885, 'country':Dominican Republic},","{""gdp"":7609.3388,""female_ratio"":65.0299885, ""country"":'Dominican Republic'},",North America
Algeria,4111.29411,21.9160267,"[4111.29411,21.9160267],","{'gdp':4111.29411,'female_ratio':21.9160267},","{'gdp':4111.29411,'female_ratio':21.9160267, 'country':Algeria},","{""gdp"":4111.29411,""female_ratio"":21.9160267, ""country"":'Algeria'},",Africa
Ecuador,6213.50128,69.1095567,"[6213.50128,69.1095567],","{'gdp':6213.50128,'female_ratio':69.1095567},","{'gdp':6213.50128,'female_ratio':69.1095567, 'country':Ecuador},","{""gdp"":6213.50128,""female_ratio"":69.1095567, ""country"":'Ecuador'},",South America
"Egypt, Arab Rep.",2444.29031,30.7552419,"[2444.29031,30.7552419],","{'gdp':2444.29031,'female_ratio':30.7552419},","{'gdp':2444.29031,'female_ratio':30.7552419, 'country':Egypt, Arab Rep.},","{""gdp"":2444.29031,""female_ratio"":30.7552419, ""country"":'Egypt, Arab Rep.'},",Asia
Spain,28170.1679,81.6572995,"[28170.1679,81.6572995],","{'gdp':28170.1679,'female_ratio':81.6572995},","{'gdp':28170.1679,'female_ratio':81.6572995, 'country':Spain},","{""gdp"":28170.1679,""female_ratio"":81.6572995, ""country"":'Spain'},",Europe
Estonia,20458.4607,79.9658584,"[20458.4607,79.9658584],","{'gdp':20458.4607,'female_ratio':79.9658584},","{'gdp':20458.4607,'female_ratio':79.9658584, 'country':Estonia},","{""gdp"":20458.4607,""female_ratio"":79.9658584, ""country"":'Estonia'},",Europe
Ethiopia,768.522308,85.0760885,"[768.522308,85.0760885],","{'gdp':768.522308,'female_ratio':85.0760885},","{'gdp':768.522308,'female_ratio':85.0760885, 'country':Ethiopia},","{""gdp"":768.522308,""female_ratio"":85.0760885, ""country"":'Ethiopia'},",Africa
Finland,46336.6633,88.1851309,"[46336.6633,88.1851309],","{'gdp':46336.6633,'female_ratio':88.1851309},","{'gdp':46336.6633,'female_ratio':88.1851309, 'country':Finland},","{""gdp"":46336.6633,""female_ratio"":88.1851309, ""country"":'Finland'},",Europe
Fiji,6101.03084,49.9753195,"[6101.03084,49.9753195],","{'gdp':6101.03084,'female_ratio':49.9753195},","{'gdp':6101.03084,'female_ratio':49.9753195, 'country':Fiji},","{""gdp"":6101.03084,""female_ratio"":49.9753195, ""country"":'Fiji'},",Oceania
France,38812.161,83.8806545,"[38812.161,83.8806545],","{'gdp':38812.161,'female_ratio':83.8806545},","{'gdp':38812.161,'female_ratio':83.8806545, 'country':France},","{""gdp"":38812.161,""female_ratio"":83.8806545, ""country"":'France'},",Europe
Gabon,7230.39639,70.3002056,"[7230.39639,70.3002056],","{'gdp':7230.39639,'female_ratio':70.3002056},","{'gdp':7230.39639,'female_ratio':70.3002056, 'country':Gabon},","{""gdp"":7230.39639,""female_ratio"":70.3002056, ""country"":'Gabon'},",Africa
United Kingdom,40361.4174,84.2174992,"[40361.4174,84.2174992],","{'gdp':40361.4174,'female_ratio':84.2174992},","{'gdp':40361.4174,'female_ratio':84.2174992, 'country':United Kingdom},","{""gdp"":40361.4174,""female_ratio"":84.2174992, ""country"":'United Kingdom'},",Europe
Georgia,4357.00094,71.0757108,"[4357.00094,71.0757108],","{'gdp':4357.00094,'female_ratio':71.0757108},","{'gdp':4357.00094,'female_ratio':71.0757108, 'country':Georgia},","{""gdp"":4357.00094,""female_ratio"":71.0757108, ""country"":'Georgia'},",Asia
Ghana,2025.93242,88.2814466,"[2025.93242,88.2814466],","{'gdp':2025.93242,'female_ratio':88.2814466},","{'gdp':2025.93242,'female_ratio':88.2814466, 'country':Ghana},","{""gdp"":2025.93242,""female_ratio"":88.2814466, ""country"":'Ghana'},",Africa
Guinea,855.57364,103.23299,"[855.57364,103.23299],","{'gdp':855.57364,'female_ratio':103.23299},","{'gdp':855.57364,'female_ratio':103.23299, 'country':Guinea},","{""gdp"":855.57364,""female_ratio"":103.23299, ""country"":'Guinea'},",Africa
"Gambia, The",679.756914,74.8825979,"[679.756914,74.8825979],","{'gdp':679.756914,'female_ratio':74.8825979},","{'gdp':679.756914,'female_ratio':74.8825979, 'country':Gambia, The},","{""gdp"":679.756914,""female_ratio"":74.8825979, ""country"":'Gambia, The'},",Africa
Guinea-Bissau,738.549945,83.4137588,"[738.549945,83.4137588],","{'gdp':738.549945,'female_ratio':83.4137588},","{'gdp':738.549945,'female_ratio':83.4137588, 'country':Guinea-Bissau},","{""gdp"":738.549945,""female_ratio"":83.4137588, ""country"":'Guinea-Bissau'},",Africa
Equatorial Guinea,9667.91225,81.6852742,"[9667.91225,81.6852742],","{'gdp':9667.91225,'female_ratio':81.6852742},","{'gdp':9667.91225,'female_ratio':81.6852742, 'country':Equatorial Guinea},","{""gdp"":9667.91225,""female_ratio"":81.6852742, ""country"":'Equatorial Guinea'},",Africa
Greece,18930.2186,74.6172818,"[18930.2186,74.6172818],","{'gdp':18930.2186,'female_ratio':74.6172818},","{'gdp':18930.2186,'female_ratio':74.6172818, 'country':Greece},","{""gdp"":18930.2186,""female_ratio"":74.6172818, ""country"":'Greece'},",Europe
Guatemala,4451.45098,45.9677622,"[4451.45098,45.9677622],","{'gdp':4451.45098,'female_ratio':45.9677622},","{'gdp':4451.45098,'female_ratio':45.9677622, 'country':Guatemala},","{""gdp"":4451.45098,""female_ratio"":45.9677622, ""country"":'Guatemala'},",Africa
Guam,35615.8046,69.0241363,"[35615.8046,69.0241363],","{'gdp':35615.8046,'female_ratio':69.0241363},","{'gdp':35615.8046,'female_ratio':69.0241363, 'country':Guam},","{""gdp"":35615.8046,""female_ratio"":69.0241363, ""country"":'Guam'},",Africa
Guyana,6124.92997,63.5407151,"[6124.92997,63.5407151],","{'gdp':6124.92997,'female_ratio':63.5407151},","{'gdp':6124.92997,'female_ratio':63.5407151, 'country':Guyana},","{""gdp"":6124.92997,""female_ratio"":63.5407151, ""country"":'Guyana'},",south America
"Hong Kong SAR, China",46165.8565,79.7937543,"[46165.8565,79.7937543],","{'gdp':46165.8565,'female_ratio':79.7937543},","{'gdp':46165.8565,'female_ratio':79.7937543, 'country':Hong Kong SAR, China},","{""gdp"":46165.8565,""female_ratio"":79.7937543, ""country"":'Hong Kong SAR, China'},",Asia
Honduras,2453.7279,55.0340727,"[2453.7279,55.0340727],","{'gdp':2453.7279,'female_ratio':55.0340727},","{'gdp':2453.7279,'female_ratio':55.0340727, 'country':Honduras},","{""gdp"":2453.7279,""female_ratio"":55.0340727, ""country"":'Honduras'},",North America
Croatia,13451.6249,77.7642729,"[13451.6249,77.7642729],","{'gdp':13451.6249,'female_ratio':77.7642729},","{'gdp':13451.6249,'female_ratio':77.7642729, 'country':Croatia},","{""gdp"":13451.6249,""female_ratio"":77.7642729, ""country"":'Croatia'},",North America
Haiti,1294.23975,84.8753766,"[1294.23975,84.8753766],","{'gdp':1294.23975,'female_ratio':84.8753766},","{'gdp':1294.23975,'female_ratio':84.8753766, 'country':Haiti},","{""gdp"":1294.23975,""female_ratio"":84.8753766, ""country"":'Haiti'},",North America
Hungary,14605.8543,73.8828829,"[14605.8543,73.8828829],","{'gdp':14605.8543,'female_ratio':73.8828829},","{'gdp':14605.8543,'female_ratio':73.8828829, 'country':Hungary},","{""gdp"":14605.8543,""female_ratio"":73.8828829, ""country"":'Hungary'},",Europe
Indonesia,3837.65173,63.4684812,"[3837.65173,63.4684812],","{'gdp':3837.65173,'female_ratio':63.4684812},","{'gdp':3837.65173,'female_ratio':63.4684812, 'country':Indonesia},","{""gdp"":3837.65173,""female_ratio"":63.4684812, ""country"":'Indonesia'},",Asia
India,1981.65105,27.3957774,"[1981.65105,27.3957774],","{'gdp':1981.65105,'female_ratio':27.3957774},","{'gdp':1981.65105,'female_ratio':27.3957774, 'country':India},","{""gdp"":1981.65105,""female_ratio"":27.3957774, ""country"":'India'},",Asia
Ireland,69822.3471,81.0692979,"[69822.3471,81.0692979],","{'gdp':69822.3471,'female_ratio':81.0692979},","{'gdp':69822.3471,'female_ratio':81.0692979, 'country':Ireland},","{""gdp"":69822.3471,""female_ratio"":81.0692979, ""country"":'Ireland'},",Europe
"Iran, Islamic Rep.",5520.31047,25.029032,"[5520.31047,25.029032],","{'gdp':5520.31047,'female_ratio':25.029032},","{'gdp':5520.31047,'female_ratio':25.029032, 'country':Iran, Islamic Rep.},","{""gdp"":5520.31047,""female_ratio"":25.029032, ""country"":'Iran, Islamic Rep.'},",Asia
Iraq,5205.28825,15.2647895,"[5205.28825,15.2647895],","{'gdp':5205.28825,'female_ratio':15.2647895},","{'gdp':5205.28825,'female_ratio':15.2647895, 'country':Iraq},","{""gdp"":5205.28825,""female_ratio"":15.2647895, ""country"":'Iraq'},",Asia
Iceland,71310.9393,89.3150881,"[71310.9393,89.3150881],","{'gdp':71310.9393,'female_ratio':89.3150881},","{'gdp':71310.9393,'female_ratio':89.3150881, 'country':Iceland},","{""gdp"":71310.9393,""female_ratio"":89.3150881, ""country"":'Iceland'},",Europe
Israel,40541.8621,85.5489419,"[40541.8621,85.5489419],","{'gdp':40541.8621,'female_ratio':85.5489419},","{'gdp':40541.8621,'female_ratio':85.5489419, 'country':Israel},","{""gdp"":40541.8621,""female_ratio"":85.5489419, ""country"":'Israel'},",Asia
Italy,32406.7203,68.6779314,"[32406.7203,68.6779314],","{'gdp':32406.7203,'female_ratio':68.6779314},","{'gdp':32406.7203,'female_ratio':68.6779314, 'country':Italy},","{""gdp"":32406.7203,""female_ratio"":68.6779314, ""country"":'Italy'},",Europe
Jamaica,5069.18384,82.8394664,"[5069.18384,82.8394664],","{'gdp':5069.18384,'female_ratio':82.8394664},","{'gdp':5069.18384,'female_ratio':82.8394664, 'country':Jamaica},","{""gdp"":5069.18384,""female_ratio"":82.8394664, ""country"":'Jamaica'},",North America
Jordan,4234.40313,22.2027754,"[4234.40313,22.2027754],","{'gdp':4234.40313,'female_ratio':22.2027754},","{'gdp':4234.40313,'female_ratio':22.2027754, 'country':Jordan},","{""gdp"":4234.40313,""female_ratio"":22.2027754, ""country"":'Jordan'},",Asia
Japan,38386.5111,72.4614841,"[38386.5111,72.4614841],","{'gdp':38386.5111,'female_ratio':72.4614841},","{'gdp':38386.5111,'female_ratio':72.4614841, 'country':Japan},","{""gdp"":38386.5111,""female_ratio"":72.4614841, ""country"":'Japan'},",Asia
Kazakhstan,9247.58133,83.181757,"[9247.58133,83.181757],","{'gdp':9247.58133,'female_ratio':83.181757},","{'gdp':9247.58133,'female_ratio':83.181757, 'country':Kazakhstan},","{""gdp"":9247.58133,""female_ratio"":83.181757, ""country"":'Kazakhstan'},",Asia
Kenya,1572.3355,92.3533659,"[1572.3355,92.3533659],","{'gdp':1572.3355,'female_ratio':92.3533659},","{'gdp':1572.3355,'female_ratio':92.3533659, 'country':Kenya},","{""gdp"":1572.3355,""female_ratio"":92.3533659, ""country"":'Kenya'},",Africa
Kyrgyz Republic,1242.76964,61.2291643,"[1242.76964,61.2291643],","{'gdp':1242.76964,'female_ratio':61.2291643},","{'gdp':1242.76964,'female_ratio':61.2291643, 'country':Kyrgyz Republic},","{""gdp"":1242.76964,""female_ratio"":61.2291643, ""country"":'Kyrgyz Republic'},",Asia
Cambodia,1385.25998,86.132151,"[1385.25998,86.132151],","{'gdp':1385.25998,'female_ratio':86.132151},","{'gdp':1385.25998,'female_ratio':86.132151, 'country':Cambodia},","{""gdp"":1385.25998,""female_ratio"":86.132151, ""country"":'Cambodia'},",Asia
"Korea, Rep.",31616.8434,71.808202,"[31616.8434,71.808202],","{'gdp':31616.8434,'female_ratio':71.808202},","{'gdp':31616.8434,'female_ratio':71.808202, 'country':Korea, Rep.},","{""gdp"":31616.8434,""female_ratio"":71.808202, ""country"":'Korea, Rep.'},",Asia
Kuwait,29759.4365,57.2498941,"[29759.4365,57.2498941],","{'gdp':29759.4365,'female_ratio':57.2498941},","{'gdp':29759.4365,'female_ratio':57.2498941, 'country':Kuwait},","{""gdp"":29759.4365,""female_ratio"":57.2498941, ""country"":'Kuwait'},",Asia
Lao PDR,2423.8462,95.6641499,"[2423.8462,95.6641499],","{'gdp':2423.8462,'female_ratio':95.6641499},","{'gdp':2423.8462,'female_ratio':95.6641499, 'country':Lao PDR},","{""gdp"":2423.8462,""female_ratio"":95.6641499, ""country"":'Lao PDR'},",Asia
Lebanon,7801.17866,31.8101108,"[7801.17866,31.8101108],","{'gdp':7801.17866,'female_ratio':31.8101108},","{'gdp':7801.17866,'female_ratio':31.8101108, 'country':Lebanon},","{""gdp"":7801.17866,""female_ratio"":31.8101108, ""country"":'Lebanon'},",Asia
Liberia,698.701764,88.9387896,"[698.701764,88.9387896],","{'gdp':698.701764,'female_ratio':88.9387896},","{'gdp':698.701764,'female_ratio':88.9387896, 'country':Liberia},","{""gdp"":698.701764,""female_ratio"":88.9387896, ""country"":'Liberia'},",Africa
Libya,5756.69845,52.23686,"[5756.69845,52.23686],","{'gdp':5756.69845,'female_ratio':52.23686},","{'gdp':5756.69845,'female_ratio':52.23686, 'country':Libya},","{""gdp"":5756.69845,""female_ratio"":52.23686, ""country"":'Libya'},",Africa
St. Lucia,11047.445,79.0470143,"[11047.445,79.0470143],","{'gdp':11047.445,'female_ratio':79.0470143},","{'gdp':11047.445,'female_ratio':79.0470143, 'country':St. Lucia},","{""gdp"":11047.445,""female_ratio"":79.0470143, ""country"":'St. Lucia'},",North America
Sri Lanka,4077.04372,47.1860165,"[4077.04372,47.1860165],","{'gdp':4077.04372,'female_ratio':47.1860165},","{'gdp':4077.04372,'female_ratio':47.1860165, 'country':Sri Lanka},","{""gdp"":4077.04372,""female_ratio"":47.1860165, ""country"":'Sri Lanka'},",Asia
Lesotho,1150.07917,79.1261314,"[1150.07917,79.1261314],","{'gdp':1150.07917,'female_ratio':79.1261314},","{'gdp':1150.07917,'female_ratio':79.1261314, 'country':Lesotho},","{""gdp"":1150.07917,""female_ratio"":79.1261314, ""country"":'Lesotho'},",Africa
Lithuania,16885.4074,84.0385992,"[16885.4074,84.0385992],","{'gdp':16885.4074,'female_ratio':84.0385992},","{'gdp':16885.4074,'female_ratio':84.0385992, 'country':Lithuania},","{""gdp"":16885.4074,""female_ratio"":84.0385992, ""country"":'Lithuania'},",Europe
Luxembourg,107627.151,84.9439482,"[107627.151,84.9439482],","{'gdp':107627.151,'female_ratio':84.9439482},","{'gdp':107627.151,'female_ratio':84.9439482, 'country':Luxembourg},","{""gdp"":107627.151,""female_ratio"":84.9439482, ""country"":'Luxembourg'},",Europe
Latvia,15682.2214,81.1829108,"[15682.2214,81.1829108],","{'gdp':15682.2214,'female_ratio':81.1829108},","{'gdp':15682.2214,'female_ratio':81.1829108, 'country':Latvia},","{""gdp"":15682.2214,""female_ratio"":81.1829108, ""country"":'Latvia'},",Europe
"Macao SAR, China",81516.6749,85.7040055,"[81516.6749,85.7040055],","{'gdp':81516.6749,'female_ratio':85.7040055},","{'gdp':81516.6749,'female_ratio':85.7040055, 'country':Macao SAR, China},","{""gdp"":81516.6749,""female_ratio"":85.7040055, ""country"":'Macao SAR, China'},",Asia
Morocco,3036.32525,30.4874256,"[3036.32525,30.4874256],","{'gdp':3036.32525,'female_ratio':30.4874256},","{'gdp':3036.32525,'female_ratio':30.4874256, 'country':Morocco},","{""gdp"":3036.32525,""female_ratio"":30.4874256, ""country"":'Morocco'},",Africa
Moldova,3509.69345,85.880733,"[3509.69345,85.880733],","{'gdp':3509.69345,'female_ratio':85.880733},","{'gdp':3509.69345,'female_ratio':85.880733, 'country':Moldova},","{""gdp"":3509.69345,""female_ratio"":85.880733, ""country"":'Moldova'},",Europe
Madagascar,515.292725,93.5533156,"[515.292725,93.5533156],","{'gdp':515.292725,'female_ratio':93.5533156},","{'gdp':515.292725,'female_ratio':93.5533156, 'country':Madagascar},","{""gdp"":515.292725,""female_ratio"":93.5533156, ""country"":'Madagascar'},",Africa
Maldives,9577.62519,51.6331787,"[9577.62519,51.6331787],","{'gdp':9577.62519,'female_ratio':51.6331787},","{'gdp':9577.62519,'female_ratio':51.6331787, 'country':Maldives},","{""gdp"":9577.62519,""female_ratio"":51.6331787, ""country"":'Maldives'},",Asia
Mexico,9287.84974,55.41109,"[9287.84974,55.41109],","{'gdp':9287.84974,'female_ratio':55.41109},","{'gdp':9287.84974,'female_ratio':55.41109, 'country':Mexico},","{""gdp"":9287.84974,""female_ratio"":55.41109, ""country"":'Mexico'},",North America
North Macedonia,5430.87421,63.0444038,"[5430.87421,63.0444038],","{'gdp':5430.87421,'female_ratio':63.0444038},","{'gdp':5430.87421,'female_ratio':63.0444038, 'country':North Macedonia},","{""gdp"":5430.87421,""female_ratio"":63.0444038, ""country"":'North Macedonia'},",Europe
Mali,830.018367,75.75536,"[830.018367,75.75536],","{'gdp':830.018367,'female_ratio':75.75536},","{'gdp':830.018367,'female_ratio':75.75536, 'country':Mali},","{""gdp"":830.018367,""female_ratio"":75.75536, ""country"":'Mali'},",Africa
Malta,28091.8616,66.4675174,"[28091.8616,66.4675174],","{'gdp':28091.8616,'female_ratio':66.4675174},","{'gdp':28091.8616,'female_ratio':66.4675174, 'country':Malta},","{""gdp"":28091.8616,""female_ratio"":66.4675174, ""country"":'Malta'},",Europe
Myanmar,1291.54241,61.6157724,"[1291.54241,61.6157724],","{'gdp':1291.54241,'female_ratio':61.6157724},","{'gdp':1291.54241,'female_ratio':61.6157724, 'country':Myanmar},","{""gdp"":1291.54241,""female_ratio"":61.6157724, ""country"":'Myanmar'},",Asia
Montenegro,7784.08791,75.4076846,"[7784.08791,75.4076846],","{'gdp':7784.08791,'female_ratio':75.4076846},","{'gdp':7784.08791,'female_ratio':75.4076846, 'country':Montenegro},","{""gdp"":7784.08791,""female_ratio"":75.4076846, ""country"":'Montenegro'},",Europe
Mongolia,3669.41754,79.9038645,"[3669.41754,79.9038645],","{'gdp':3669.41754,'female_ratio':79.9038645},","{'gdp':3669.41754,'female_ratio':79.9038645, 'country':Mongolia},","{""gdp"":3669.41754,""female_ratio"":79.9038645, ""country"":'Mongolia'},",Asia
Mozambique,461.415094,97.736979,"[461.415094,97.736979],","{'gdp':461.415094,'female_ratio':97.736979},","{'gdp':461.415094,'female_ratio':97.736979, 'country':Mozambique},","{""gdp"":461.415094,""female_ratio"":97.736979, ""country"":'Mozambique'},",Africa
Mauritania,1578.11417,45.3625865,"[1578.11417,45.3625865],","{'gdp':1578.11417,'female_ratio':45.3625865},","{'gdp':1578.11417,'female_ratio':45.3625865, 'country':Mauritania},","{""gdp"":1578.11417,""female_ratio"":45.3625865, ""country"":'Mauritania'},",Africa
Mauritius,10484.9084,61.5668247,"[10484.9084,61.5668247],","{'gdp':10484.9084,'female_ratio':61.5668247},","{'gdp':10484.9084,'female_ratio':61.5668247, 'country':Mauritius},","{""gdp"":10484.9084,""female_ratio"":61.5668247, ""country"":'Mauritius'},",Africa
Malawi,356.717573,89.2680608,"[356.717573,89.2680608],","{'gdp':356.717573,'female_ratio':89.2680608},","{'gdp':356.717573,'female_ratio':89.2680608, 'country':Malawi},","{""gdp"":356.717573,""female_ratio"":89.2680608, ""country"":'Malawi'},",Africa
Malaysia,10259.1818,65.6492458,"[10259.1818,65.6492458],","{'gdp':10259.1818,'female_ratio':65.6492458},","{'gdp':10259.1818,'female_ratio':65.6492458, 'country':Malaysia},","{""gdp"":10259.1818,""female_ratio"":65.6492458, ""country"":'Malaysia'},",Asia
Namibia,5303.30917,85.8781703,"[5303.30917,85.8781703],","{'gdp':5303.30917,'female_ratio':85.8781703},","{'gdp':5303.30917,'female_ratio':85.8781703, 'country':Namibia},","{""gdp"":5303.30917,""female_ratio"":85.8781703, ""country"":'Namibia'},",Africa
Niger,517.97503,72.4781916,"[517.97503,72.4781916],","{'gdp':517.97503,'female_ratio':72.4781916},","{'gdp':517.97503,'female_ratio':72.4781916, 'country':Niger},","{""gdp"":517.97503,""female_ratio"":72.4781916, ""country"":'Niger'},",Africa
Nigeria,1968.56474,82.7856625,"[1968.56474,82.7856625],","{'gdp':1968.56474,'female_ratio':82.7856625},","{'gdp':1968.56474,'female_ratio':82.7856625, 'country':Nigeria},","{""gdp"":1968.56474,""female_ratio"":82.7856625, ""country"":'Nigeria'},",Africa
Nicaragua,2159.15787,59.8035013,"[2159.15787,59.8035013],","{'gdp':2159.15787,'female_ratio':59.8035013},","{'gdp':2159.15787,'female_ratio':59.8035013, 'country':Nicaragua},","{""gdp"":2159.15787,""female_ratio"":59.8035013, ""country"":'Nicaragua'},",North America
Netherlands,48675.2223,83.9182749,"[48675.2223,83.9182749],","{'gdp':48675.2223,'female_ratio':83.9182749},","{'gdp':48675.2223,'female_ratio':83.9182749, 'country':Netherlands},","{""gdp"":48675.2223,""female_ratio"":83.9182749, ""country"":'Netherlands'},",Europe
Norway,75496.7541,90.0888009,"[75496.7541,90.0888009],","{'gdp':75496.7541,'female_ratio':90.0888009},","{'gdp':75496.7541,'female_ratio':90.0888009, 'country':Norway},","{""gdp"":75496.7541,""female_ratio"":90.0888009, ""country"":'Norway'},",Europe
Nepal,911.444267,96.9208934,"[911.444267,96.9208934],","{'gdp':911.444267,'female_ratio':96.9208934},","{'gdp':911.444267,'female_ratio':96.9208934, 'country':Nepal},","{""gdp"":911.444267,""female_ratio"":96.9208934, ""country"":'Nepal'},",Asia
New Zealand,42849.4263,85.3068839,"[42849.4263,85.3068839],","{'gdp':42849.4263,'female_ratio':85.3068839},","{'gdp':42849.4263,'female_ratio':85.3068839, 'country':New Zealand},","{""gdp"":42849.4263,""female_ratio"":85.3068839, ""country"":'New Zealand'},",Oceania
Oman,15130.5207,34.8791161,"[15130.5207,34.8791161],","{'gdp':15130.5207,'female_ratio':34.8791161},","{'gdp':15130.5207,'female_ratio':34.8791161, 'country':Oman},","{""gdp"":15130.5207,""female_ratio"":34.8791161, ""country"":'Oman'},",Asia
Pakistan,1464.99331,27.4503788,"[1464.99331,27.4503788],","{'gdp':1464.99331,'female_ratio':27.4503788},","{'gdp':1464.99331,'female_ratio':27.4503788, 'country':Pakistan},","{""gdp"":1464.99331,""female_ratio"":27.4503788, ""country"":'Pakistan'},",Asia
Panama,15150.3456,64.5240494,"[15150.3456,64.5240494],","{'gdp':15150.3456,'female_ratio':64.5240494},","{'gdp':15150.3456,'female_ratio':64.5240494, 'country':Panama},","{""gdp"":15150.3456,""female_ratio"":64.5240494, ""country"":'Panama'},",North America
Peru,6710.50803,82.1219123,"[6710.50803,82.1219123],","{'gdp':6710.50803,'female_ratio':82.1219123},","{'gdp':6710.50803,'female_ratio':82.1219123, 'country':Peru},","{""gdp"":6710.50803,""female_ratio"":82.1219123, ""country"":'Peru'},",s
Philippines,3123.23423,61.3446938,"[3123.23423,61.3446938],","{'gdp':3123.23423,'female_ratio':61.3446938},","{'gdp':3123.23423,'female_ratio':61.3446938, 'country':Philippines},","{""gdp"":3123.23423,""female_ratio"":61.3446938, ""country"":'Philippines'},",Asia
Papua New Guinea,2695.25188,96.7581578,"[2695.25188,96.7581578],","{'gdp':2695.25188,'female_ratio':96.7581578},","{'gdp':2695.25188,'female_ratio':96.7581578, 'country':Papua New Guinea},","{""gdp"":2695.25188,""female_ratio"":96.7581578, ""country"":'Papua New Guinea'},",Oceania
Poland,13864.6818,74.0765966,"[13864.6818,74.0765966],","{'gdp':13864.6818,'female_ratio':74.0765966},","{'gdp':13864.6818,'female_ratio':74.0765966, 'country':Poland},","{""gdp"":13864.6818,""female_ratio"":74.0765966, ""country"":'Poland'},",Europe
Puerto Rico,31108.7528,65.4785774,"[31108.7528,65.4785774],","{'gdp':31108.7528,'female_ratio':65.4785774},","{'gdp':31108.7528,'female_ratio':65.4785774, 'country':Puerto Rico},","{""gdp"":31108.7528,""female_ratio"":65.4785774, ""country"":'Puerto Rico'},",North America
Portugal,21490.4299,83.6674124,"[21490.4299,83.6674124],","{'gdp':21490.4299,'female_ratio':83.6674124},","{'gdp':21490.4299,'female_ratio':83.6674124, 'country':Portugal},","{""gdp"":21490.4299,""female_ratio"":83.6674124, ""country"":'Portugal'},",Europe
Paraguay,5680.58077,67.2208453,"[5680.58077,67.2208453],","{'gdp':5680.58077,'female_ratio':67.2208453},","{'gdp':5680.58077,'female_ratio':67.2208453, 'country':Paraguay},","{""gdp"":5680.58077,""female_ratio"":67.2208453, ""country"":'Paraguay'},",south America
West Bank and Gaza,3620.36049,24.9046476,"[3620.36049,24.9046476],","{'gdp':3620.36049,'female_ratio':24.9046476},","{'gdp':3620.36049,'female_ratio':24.9046476, 'country':West Bank and Gaza},","{""gdp"":3620.36049,""female_ratio"":24.9046476, ""country"":'West Bank and Gaza'},",Asia
Qatar,59124.9324,60.7862027,"[59124.9324,60.7862027],","{'gdp':59124.9324,'female_ratio':60.7862027},","{'gdp':59124.9324,'female_ratio':60.7862027, 'country':Qatar},","{""gdp"":59124.9324,""female_ratio"":60.7862027, ""country"":'Qatar'},",Asia
Romania,10807.7954,70.9405376,"[10807.7954,70.9405376],","{'gdp':10807.7954,'female_ratio':70.9405376},","{'gdp':10807.7954,'female_ratio':70.9405376, 'country':Romania},","{""gdp"":10807.7954,""female_ratio"":70.9405376, ""country"":'Romania'},",Europe
Russian Federation,10720.3326,77.7693258,"[10720.3326,77.7693258],","{'gdp':10720.3326,'female_ratio':77.7693258},","{'gdp':10720.3326,'female_ratio':77.7693258, 'country':Russian Federation},","{""gdp"":10720.3326,""female_ratio"":77.7693258, ""country"":'Russian Federation'},",Europe
Rwanda,772.318472,100.352861,"[772.318472,100.352861],","{'gdp':772.318472,'female_ratio':100.352861},","{'gdp':772.318472,'female_ratio':100.352861, 'country':Rwanda},","{""gdp"":772.318472,""female_ratio"":100.352861, ""country"":'Rwanda'},",Africa
Saudi Arabia,20803.7459,28.6871485,"[20803.7459,28.6871485],","{'gdp':20803.7459,'female_ratio':28.6871485},","{'gdp':20803.7459,'female_ratio':28.6871485, 'country':Saudi Arabia},","{""gdp"":20803.7459,""female_ratio"":28.6871485, ""country"":'Saudi Arabia'},",Asia
Sudan,1111.86845,42.1414394,"[1111.86845,42.1414394],","{'gdp':1111.86845,'female_ratio':42.1414394},","{'gdp':1111.86845,'female_ratio':42.1414394, 'country':Sudan},","{""gdp"":1111.86845,""female_ratio"":42.1414394, ""country"":'Sudan'},",Africa
Senegal,1361.69959,60.3760852,"[1361.69959,60.3760852],","{'gdp':1361.69959,'female_ratio':60.3760852},","{'gdp':1361.69959,'female_ratio':60.3760852, 'country':Senegal},","{""gdp"":1361.69959,""female_ratio"":60.3760852, ""country"":'Senegal'},",Africa
Singapore,60913.7453,78.6720849,"[60913.7453,78.6720849],","{'gdp':60913.7453,'female_ratio':78.6720849},","{'gdp':60913.7453,'female_ratio':78.6720849, 'country':Singapore},","{""gdp"":60913.7453,""female_ratio"":78.6720849, ""country"":'Singapore'},",Asia
Solomon Islands,2332.81487,96.0472227,"[2332.81487,96.0472227],","{'gdp':2332.81487,'female_ratio':96.0472227},","{'gdp':2332.81487,'female_ratio':96.0472227, 'country':Solomon Islands},","{""gdp"":2332.81487,""female_ratio"":96.0472227, ""country"":'Solomon Islands'},",Oceania
Sierra Leone,499.380708,97.4502457,"[499.380708,97.4502457],","{'gdp':499.380708,'female_ratio':97.4502457},","{'gdp':499.380708,'female_ratio':97.4502457, 'country':Sierra Leone},","{""gdp"":499.380708,""female_ratio"":97.4502457, ""country"":'Sierra Leone'},",Africa
El Salvador,3910.25719,59.8038322,"[3910.25719,59.8038322],","{'gdp':3910.25719,'female_ratio':59.8038322},","{'gdp':3910.25719,'female_ratio':59.8038322, 'country':El Salvador},","{""gdp"":3910.25719,""female_ratio"":59.8038322, ""country"":'El Salvador'},",North America
Serbia,6292.54363,75.5447552,"[6292.54363,75.5447552],","{'gdp':6292.54363,'female_ratio':75.5447552},","{'gdp':6292.54363,'female_ratio':75.5447552, 'country':Serbia},","{""gdp"":6292.54363,""female_ratio"":75.5447552, ""country"":'Serbia'},",Europe
São Tomé and Principe,1813.78324,55.3289867,"[1813.78324,55.3289867],","{'gdp':1813.78324,'female_ratio':55.3289867},","{'gdp':1813.78324,'female_ratio':55.3289867, 'country':São Tomé and Principe},","{""gdp"":1813.78324,""female_ratio"":55.3289867, ""country"":'São Tomé and Principe'},",Africa
Suriname,5637.51495,60.2023677,"[5637.51495,60.2023677],","{'gdp':5637.51495,'female_ratio':60.2023677},","{'gdp':5637.51495,'female_ratio':60.2023677, 'country':Suriname},","{""gdp"":5637.51495,""female_ratio"":60.2023677, ""country"":'Suriname'},",south America
Slovak Republic,17556.6008,77.9756858,"[17556.6008,77.9756858],","{'gdp':17556.6008,'female_ratio':77.9756858},","{'gdp':17556.6008,'female_ratio':77.9756858, 'country':Slovak Republic},","{""gdp"":17556.6008,""female_ratio"":77.9756858, ""country"":'Slovak Republic'},",Europe
Slovenia,23512.8173,84.7276959,"[23512.8173,84.7276959],","{'gdp':23512.8173,'female_ratio':84.7276959},","{'gdp':23512.8173,'female_ratio':84.7276959, 'country':Slovenia},","{""gdp"":23512.8173,""female_ratio"":84.7276959, ""country"":'Slovenia'},",Europe
Sweden,53791.5087,90.1201526,"[53791.5087,90.1201526],","{'gdp':53791.5087,'female_ratio':90.1201526},","{'gdp':53791.5087,'female_ratio':90.1201526, 'country':Sweden},","{""gdp"":53791.5087,""female_ratio"":90.1201526, ""country"":'Sweden'},",Europe
Eswatini,3914.61325,85.1519224,"[3914.61325,85.1519224],","{'gdp':3914.61325,'female_ratio':85.1519224},","{'gdp':3914.61325,'female_ratio':85.1519224, 'country':Eswatini},","{""gdp"":3914.61325,""female_ratio"":85.1519224, ""country"":'Eswatini'},",Africa
Chad,665.948353,82.0760951,"[665.948353,82.0760951],","{'gdp':665.948353,'female_ratio':82.0760951},","{'gdp':665.948353,'female_ratio':82.0760951, 'country':Chad},","{""gdp"":665.948353,""female_ratio"":82.0760951, ""country"":'Chad'},",Africa
Togo,626.091528,96.5117326,"[626.091528,96.5117326],","{'gdp':626.091528,'female_ratio':96.5117326},","{'gdp':626.091528,'female_ratio':96.5117326, 'country':Togo},","{""gdp"":626.091528,""female_ratio"":96.5117326, ""country"":'Togo'},",Africa
Thailand,6592.9149,77.9311904,"[6592.9149,77.9311904],","{'gdp':6592.9149,'female_ratio':77.9311904},","{'gdp':6592.9149,'female_ratio':77.9311904, 'country':Thailand},","{""gdp"":6592.9149,""female_ratio"":77.9311904, ""country"":'Thailand'},",Asia
Tajikistan,806.041573,60.0167856,"[806.041573,60.0167856],","{'gdp':806.041573,'female_ratio':60.0167856},","{'gdp':806.041573,'female_ratio':60.0167856, 'country':Tajikistan},","{""gdp"":806.041573,""female_ratio"":60.0167856, ""country"":'Tajikistan'},",Asia
Turkmenistan,6587.09032,65.8552167,"[6587.09032,65.8552167],","{'gdp':6587.09032,'female_ratio':65.8552167},","{'gdp':6587.09032,'female_ratio':65.8552167, 'country':Turkmenistan},","{""gdp"":6587.09032,""female_ratio"":65.8552167, ""country"":'Turkmenistan'},",Asia
Timor-Leste,1286.40575,84.9139562,"[1286.40575,84.9139562],","{'gdp':1286.40575,'female_ratio':84.9139562},","{'gdp':1286.40575,'female_ratio':84.9139562, 'country':Timor-Leste},","{""gdp"":1286.40575,""female_ratio"":84.9139562, ""country"":'Timor-Leste'},",Asia
Tonga,4513.60953,61.448941,"[4513.60953,61.448941],","{'gdp':4513.60953,'female_ratio':61.448941},","{'gdp':4513.60953,'female_ratio':61.448941, 'country':Tonga},","{""gdp"":4513.60953,""female_ratio"":61.448941, ""country"":'Tonga'},",Oceania
Trinidad and Tobago,16238.1932,70.9531587,"[16238.1932,70.9531587],","{'gdp':16238.1932,'female_ratio':70.9531587},","{'gdp':16238.1932,'female_ratio':70.9531587, 'country':Trinidad and Tobago},","{""gdp"":16238.1932,""female_ratio"":70.9531587, ""country"":'Trinidad and Tobago'},",North America
Tunisia,3481.22874,34.5877039,"[3481.22874,34.5877039],","{'gdp':3481.22874,'female_ratio':34.5877039},","{'gdp':3481.22874,'female_ratio':34.5877039, 'country':Tunisia},","{""gdp"":3481.22874,""female_ratio"":34.5877039, ""country"":'Tunisia'},",Africa
Turkey,10591.4744,46.197192,"[10591.4744,46.197192],","{'gdp':10591.4744,'female_ratio':46.197192},","{'gdp':10591.4744,'female_ratio':46.197192, 'country':Turkey},","{""gdp"":10591.4744,""female_ratio"":46.197192, ""country"":'Turkey'},",Europe
Tanzania,1004.84112,91.0567178,"[1004.84112,91.0567178],","{'gdp':1004.84112,'female_ratio':91.0567178},","{'gdp':1004.84112,'female_ratio':91.0567178, 'country':Tanzania},","{""gdp"":1004.84112,""female_ratio"":91.0567178, ""country"":'Tanzania'},",Africa
Uganda,747.196907,89.6886454,"[747.196907,89.6886454],","{'gdp':747.196907,'female_ratio':89.6886454},","{'gdp':747.196907,'female_ratio':89.6886454, 'country':Uganda},","{""gdp"":747.196907,""female_ratio"":89.6886454, ""country"":'Uganda'},",Africa
Ukraine,2640.67568,74.1588269,"[2640.67568,74.1588269],","{'gdp':2640.67568,'female_ratio':74.1588269},","{'gdp':2640.67568,'female_ratio':74.1588269, 'country':Ukraine},","{""gdp"":2640.67568,""female_ratio"":74.1588269, ""country"":'Ukraine'},",Europe
Uruguay,17322.1474,75.4317143,"[17322.1474,75.4317143],","{'gdp':17322.1474,'female_ratio':75.4317143},","{'gdp':17322.1474,'female_ratio':75.4317143, 'country':Uruguay},","{""gdp"":17322.1474,""female_ratio"":75.4317143, ""country"":'Uruguay'},",south America
United States,60062.2223,82.2425689,"[60062.2223,82.2425689],","{'gdp':60062.2223,'female_ratio':82.2425689},","{'gdp':60062.2223,'female_ratio':82.2425689, 'country':United States},","{""gdp"":60062.2223,""female_ratio"":82.2425689, ""country"":'United States'},",North America
Uzbekistan,1826.56692,67.2918393,"[1826.56692,67.2918393],","{'gdp':1826.56692,'female_ratio':67.2918393},","{'gdp':1826.56692,'female_ratio':67.2918393, 'country':Uzbekistan},","{""gdp"":1826.56692,""female_ratio"":67.2918393, ""country"":'Uzbekistan'},",Asia
St. Vincent and the Grenadines,7212.96018,69.7516727,"[7212.96018,69.7516727],","{'gdp':7212.96018,'female_ratio':69.7516727},","{'gdp':7212.96018,'female_ratio':69.7516727, 'country':St. Vincent and the Grenadines},","{""gdp"":7212.96018,""female_ratio"":69.7516727, ""country"":'St. Vincent and the Grenadines'},",North America
Virgin Islands (U.S.),35938.0244,92.4145986,"[35938.0244,92.4145986],","{'gdp':35938.0244,'female_ratio':92.4145986},","{'gdp':35938.0244,'female_ratio':92.4145986, 'country':Virgin Islands (U.S.)},","{""gdp"":35938.0244,""female_ratio"":92.4145986, ""country"":'Virgin Islands (U.S.)'},",North America
Vietnam,2365.62167,88.1816865,"[2365.62167,88.1816865],","{'gdp':2365.62167,'female_ratio':88.1816865},","{'gdp':2365.62167,'female_ratio':88.1816865, 'country':Vietnam},","{""gdp"":2365.62167,""female_ratio"":88.1816865, ""country"":'Vietnam'},",Asia
Vanuatu,3082.35632,77.2977953,"[3082.35632,77.2977953],","{'gdp':3082.35632,'female_ratio':77.2977953},","{'gdp':3082.35632,'female_ratio':77.2977953, 'country':Vanuatu},","{""gdp"":3082.35632,""female_ratio"":77.2977953, ""country"":'Vanuatu'},",Oceania
Samoa,4259.765,56.2571773,"[4259.765,56.2571773],","{'gdp':4259.765,'female_ratio':56.2571773},","{'gdp':4259.765,'female_ratio':56.2571773, 'country':Samoa},","{""gdp"":4259.765,""female_ratio"":56.2571773, ""country"":'Samoa'},",Oceania
"Yemen, Rep.",960.528534,8.59248135,"[960.528534,8.59248135],","{'gdp':960.528534,'female_ratio':8.59248135},","{'gdp':960.528534,'female_ratio':8.59248135, 'country':Yemen, Rep.},","{""gdp"":960.528534,""female_ratio"":8.59248135, ""country"":'Yemen, Rep.'},",Asia
South Africa,6132.47984,78.5638508,"[6132.47984,78.5638508],","{'gdp':6132.47984,'female_ratio':78.5638508},","{'gdp':6132.47984,'female_ratio':78.5638508, 'country':South Africa},","{""gdp"":6132.47984,""female_ratio"":78.5638508, ""country"":'South Africa'},",Africa
Zambia,1534.86675,88.313809,"[1534.86675,88.313809],","{'gdp':1534.86675,'female_ratio':88.313809},","{'gdp':1534.86675,'female_ratio':88.313809, 'country':Zambia},","{""gdp"":1534.86675,""female_ratio"":88.313809, ""country"":'Zambia'},",Africa
Zimbabwe,1548.17006,87.4008016,"[1548.17006,87.4008016],","{'gdp':1548.17006,'female_ratio':87.4008016},","{'gdp':1548.17006,'female_ratio':87.4008016, 'country':Zimbabwe},","{""gdp"":1548.17006,""female_ratio"":87.4008016, ""country"":'Zimbabwe'},",Africa